{
  "rainfall_mm": 0.061829944363118054,
  "flood_proximity_km": 0.10984778476074569,
  "water_ph": 0.1261531723235627,
  "turbidity_ntu": 0.12922055544652378,
  "temperature_c": 0.062188350465787884,
  "humidity_pct": 0.03764295196678,
  "historical_cases": 0.05339597949099779,
  "ors_sales_spike": 0.16290229912705684,
  "antibiotic_sales_spike": 0.041248023100305654,
  "fever_med_sales_spike": 0.045897990326244156,
  "population_density": 0.0523250283323847,
  "sanitation_score": 0.11734792029649288
}